id;surname;name;patronymic;phone
1;Buckinghamshire Generic Metal Hat Handcrafted;Concrete;Specialist SDD;971.582.8002 x215
2;Frozen;flexibility Shoes Inverse;Granite copy Soft;(391) 306-3227
3;Ergonomic;PNG PNG standardization;Gorgeous Gorgeous Steel Hat Serbian Dinar;(555) 815-1800
4;Dynamic Missouri Home Loan Account;Minnesota Shirt projection;index bypass;(193) 192-9288 x75800
5;Concrete Frozen;Central override;deposit Trinidad and Tobago Dollar whiteboard;822-141-8847
6;1080p;global;Car;203-711-5569 x27666
7;Russian Federation overriding Credit Card Account;Tactics;Secured Ergonomic;1-489-002-3242 x993
8;cutting-edge;silver composite synthesize;benchmark;(492) 340-5269
9;action-items Credit Card Account;Saint Helena Principal National;Drive IB;(438) 533-2032
10;functionalities Engineer Money Market Account;Corporate;Automotive North Carolina;814-810-6588 x28990
