id;name_document;content;create_date;change_date
1;homogeneous;quantify;2020-01-20T21:57:15;2020-01-20T14:10:25
2;circuit Beauty program;United States of America niches CSS;2020-01-21T06:23:32;2020-01-21T07:22:32
3;Chicken;programming Lithuanian Litas;2020-01-21T08:04:37;2020-01-20T22:39:23
4;bandwidth-monitored;Cheese Usability AGP;2020-01-20T13:35:30;2020-01-21T02:09:49
5;payment;bus;2020-01-21T12:04:01;2020-01-20T18:32:05
6;bypass neural Cloned;user-centric Quality;2020-01-21T00:00:22;2020-01-21T06:55:45
7;Home Loan Account;utilize Intuitive;2020-01-21T09:30:31;2020-01-21T07:59:31
8;program Wooden Fresh;panel indigo;2020-01-20T18:58:18;2020-01-21T05:58:42
9;Licensed ROI;New York Fantastic Plastic Pants;2020-01-21T10:19:21;2020-01-21T12:37:07
10;Refined;Frozen sensor Springs;2020-01-20T22:52:27;2020-01-20T14:47:33
